label,url,score,verdict,flags
L,https://www.google.com,0,LEGITIMATE,0
L,https://www.wikipedia.org,0,LEGITIMATE,0
L,https://github.com/openjdk/jdk,0,LEGITIMATE,0
L,https://www.amazon.in/,0,LEGITIMATE,0
L,https://www.microsoft.com,2,LEGITIMATE,1
L,https://www.youtube.com/watch?v=dQw4w9WgXcQ,0,LEGITIMATE,0
L,https://www.annauniv.edu,0,LEGITIMATE,0
L,https://docs.oracle.com/en/java/javase/17/docs/api/index.html,0,LEGITIMATE,0
L,https://accounts.google.com/signin,2,LEGITIMATE,1
L,https://www.sbi.co.in,0,LEGITIMATE,0
L,https://www.paypal.com/myaccount/summary,2,LEGITIMATE,1
L,https://stackoverflow.com/questions/tagged/java,0,LEGITIMATE,0
P,http://192.168.45.12/login/verify-account.php,9,PHISHING,4
P,http://paypal.com.secure-login.verify-update.xyz/webscr?cmd=_login,6,SUSPICIOUS,3
P,http://bit.ly/3xFr4ud,4,SUSPICIOUS,2
P,http://secure-bank-login.com@185.23.44.9/update/password,9,PHISHING,4
P,http://www.amaz0n-account-suspend-urgent-alert.com/signin/confirm,8,PHISHING,4
P,https://login.microsoftonline.com.account-verify.secure.update.tk/owa/,4,SUSPICIOUS,2
P,http://tinyurl.com/urgent-verify,6,SUSPICIOUS,3
P,http://sbi-netbanking.secure.verify.com:8080/login,5,SUSPICIOUS,3
P,http://example.com//http://real-site.com/login,6,SUSPICIOUS,3
P,http://free-gift-card.win/claim?id=88,2,LEGITIMATE,1
P,https://apple-id-locked.support-verify.top/account/confirm,2,LEGITIMATE,1
P,http://paypa1-security.com/signin,4,SUSPICIOUS,2
